{
  "best_params": {
    "num_leaves": 60,
    "learning_rate": 0.033477763085159346,
    "n_estimators": 500,
    "min_child_samples": 12,
    "subsample": 0.8141485131528328,
    "colsample_bytree": 0.6488228512282146,
    "reg_alpha": 0.01474275315991467,
    "reg_lambda": 0.029204338471814112
  },
  "best_cv_mape": 0.09922607550300933,
  "n_trials": 10,
  "n_folds": 3,
  "best_iteration": 384
}